{"loss": [0.18705295026302338], "accuracy": [0.938900351524353], "val_loss": [0.18759919703006744], "val_accuracy": [0.9403027296066284]}